Name,Location,Profession,Interests,Lifestyle
Alice Johnson,Denver,PhD Student,"Philosophy, Mathematics, Art",Casual Drinker
Bob Smith,Denver,Biologist,"Nature Conservation, Art, AI",Smoker
Charlie Green,NYC,Professor,"Tennis, Mathematics, Art",Smoker
Diana White,Denver,AI Researcher,"Tennis, Traveling, Robotics",Casual Drinker
Ethan Brown,San Francisco,Biologist,"Art, Traveling, ML",Vegan
Fiona Clark,San Francisco,Data Scientist,"Hiking, Mathematics, Basketball",Casual Drinker
George Hall,San Francisco,Software Engineer,"Tennis, Traveling, Cooking",Non-smoker
Hannah Lewis,Austin,Physicist,"Mathematics, Chess, AI",Casual Drinker
Ian Scott,Miami,Professor,"ML, AI, Traveling",Smoker
Julia Adams,Boston,ML Engineer,"Mathematics, Chess, Physics",Vegetarian
Kevin Turner,NYC,Entrepreneur,"Nature Conservation, Basketball, Chess",Smoker
Laura King,NYC,PhD Student,"Hiking, Robotics, ML",Vegetarian
Michael Evans,San Francisco,Entrepreneur,"Music, Art, ML",Vegan
Nina Brooks,San Francisco,AI Researcher,"Art, AI, Hiking",Smoker
Oscar Hughes,Boston,Software Engineer,"ML, Philosophy, AI",Fitness Enthusiast
Paula Ward,NYC,Environmentalist,"Chess, Art, Hiking",Vegetarian
Quentin Young,Chicago,Climate Activist,"ML, Nature Conservation, Data Science",Fitness Enthusiast
Rachel Morris,Denver,Environmentalist,"Tennis, Music, Physics",Vegetarian
Sam Foster,Seattle,AI Researcher,"Nature Conservation, Philosophy, Art",Vegetarian
Tina Bell,Austin,AI Researcher,"Chess, Tennis, Physics",Fitness Enthusiast
Uma Perez,Boston,Data Scientist,"Philosophy, Cooking, Traveling",Non-smoker
Victor Reed,Miami,Software Engineer,"Art, ML, Traveling",Vegetarian
Wendy Ross,Chicago,ML Engineer,"Philosophy, ML, Traveling",Vegan
Xavier Gray,Chicago,Climate Activist,"Data Science, ML, Basketball",Smoker
Yara Long,Austin,PhD Student,"AI, Robotics, Data Science",Non-smoker
Zack Carter,Boston,Physicist,"Data Science, Music, ML",Smoker
Liam Davis,Austin,Software Engineer,"Basketball, Hiking, Tennis",Casual Drinker
Sophia Wilson,Denver,ML Engineer,"ML, Mathematics, Robotics",Vegan
Mason Martinez,Boston,Biologist,"Music, Cooking, Basketball",Casual Drinker
Olivia Thomas,Seattle,Climate Activist,"Mathematics, AI, Music",Smoker
Noah Anderson,NYC,Data Scientist,"Mathematics, Robotics, Philosophy",Smoker
Emma Taylor,Chicago,Biologist,"Art, Philosophy, Music",Casual Drinker
James Moore,Austin,PhD Student,"Nature Conservation, Robotics, Physics",Smoker
Isabella Martin,Denver,Data Scientist,"Data Science, Philosophy, ML",Fitness Enthusiast
Benjamin Lee,Miami,Climate Activist,"Data Science, Nature Conservation, AI",Vegan
Mia Gonzalez,Boston,PhD Student,"AI, Robotics, Data Science",Fitness Enthusiast
Lucas Harris,Seattle,Professor,"Art, Mathematics, Hiking",Casual Drinker
Amelia Clark,Denver,ML Engineer,"Cooking, Art, Basketball",Smoker
Henry Lewis,San Francisco,ML Engineer,"Music, AI, Chess",Casual Drinker
Charlotte Walker,Denver,Environmentalist,"Philosophy, Basketball, Tennis",Non-smoker
